id,domain,type,user_id
1,.aaa,generic,1
2,.aarp,generic,1
3,.abarth,generic,1
4,.abb,generic,1
5,.abbott,generic,1
6,.abbvie,generic,1
7,.abc,generic,1
8,.able,generic,1
9,.abogado,generic,1
10,.abudhabi,generic,1
11,.ac,country-code,1
12,.academy,generic,1
13,.accenture,generic,1
14,.accountant,generic,1
15,.accountants,generic,1
16,.aco,generic,1
17,.active,generic,1
18,.actor,generic,1
19,.ad,country-code,1
20,.adac,generic,1
21,.ads,generic,1
22,.adult,generic,1
23,.ae,country-code,1
24,.aeg,generic,1
25,.aero,sponsored,1
26,.aetna,generic,1
27,.af,country-code,1
28,.afamilycompany,generic,1
29,.afl,generic,1
30,.africa,generic,1
31,.ag,country-code,1
32,.agakhan,generic,1
33,.agency,generic,1
34,.ai,country-code,1
35,.aig,generic,1
36,.aigo,generic,1
37,.airbus,generic,1
38,.airforce,generic,1
39,.airtel,generic,1
40,.akdn,generic,1
41,.al,country-code,1
42,.alfaromeo,generic,1
43,.alibaba,generic,1
44,.alipay,generic,1
45,.allfinanz,generic,1
46,.allstate,generic,1
47,.ally,generic,1
48,.alsace,generic,1
49,.alstom,generic,1
50,.am,country-code,1
51,.amazon,generic,1
52,.americanexpress,generic,1
53,.americanfamily,generic,1
54,.amex,generic,1
55,.amfam,generic,1
56,.amica,generic,1
57,.amsterdam,generic,1
58,.an,country-code,1
59,.analytics,generic,1
60,.android,generic,1
61,.anquan,generic,1
62,.anz,generic,1
63,.ao,country-code,1
64,.aol,generic,1
65,.apartments,generic,1
66,.app,generic,1
67,.apple,generic,1
68,.aq,country-code,1
69,.aquarelle,generic,1
70,.ar,country-code,1
71,.arab,generic,1
72,.aramco,generic,1
73,.archi,generic,1
74,.army,generic,1
75,.arpa,infrastructure,1
76,.art,generic,1
77,.arte,generic,1
78,.as,country-code,1
79,.asda,generic,1
80,.asia,sponsored,1
81,.associates,generic,1
82,.at,country-code,1
83,.athleta,generic,1
84,.attorney,generic,1
85,.au,country-code,1
86,.auction,generic,1
87,.audi,generic,1
88,.audible,generic,1
89,.audio,generic,1
90,.auspost,generic,1
91,.author,generic,1
92,.auto,generic,1
93,.autos,generic,1
94,.avianca,generic,1
95,.aw,country-code,1
96,.aws,generic,1
97,.ax,country-code,1
98,.axa,generic,1
99,.az,country-code,1
100,.azure,generic,1
101,.ba,country-code,1
102,.baby,generic,1
103,.baidu,generic,1
104,.banamex,generic,1
105,.bananarepublic,generic,1
106,.band,generic,1
107,.bank,generic,1
108,.bar,generic,1
109,.barcelona,generic,1
110,.barclaycard,generic,1
111,.barclays,generic,1
112,.barefoot,generic,1
113,.bargains,generic,1
114,.baseball,generic,1
115,.basketball,generic,1
116,.bauhaus,generic,1
117,.bayern,generic,1
118,.bb,country-code,1
119,.bbc,generic,1
120,.bbt,generic,1
121,.bbva,generic,1
122,.bcg,generic,1
123,.bcn,generic,1
124,.bd,country-code,1
125,.be,country-code,1
126,.beats,generic,1
127,.beauty,generic,1
128,.beer,generic,1
129,.bentley,generic,1
130,.berlin,generic,1
131,.best,generic,1
132,.bestbuy,generic,1
133,.bet,generic,1
134,.bf,country-code,1
135,.bg,country-code,1
136,.bh,country-code,1
137,.bharti,generic,1
138,.bi,country-code,1
139,.bible,generic,1
140,.bid,generic,1
141,.bike,generic,1
142,.bing,generic,1
143,.bingo,generic,1
144,.bio,generic,1
145,.biz,generic-restricted,1
146,.bj,country-code,1
147,.bl,country-code,1
148,.black,generic,1
149,.blackfriday,generic,1
150,.blanco,generic,1
151,.blockbuster,generic,1
152,.blog,generic,1
153,.bloomberg,generic,1
154,.blue,generic,1
155,.bm,country-code,1
156,.bms,generic,1
157,.bmw,generic,1
158,.bn,country-code,1
159,.bnl,generic,1
160,.bnpparibas,generic,1
161,.bo,country-code,1
162,.boats,generic,1
163,.boehringer,generic,1
164,.bofa,generic,1
165,.bom,generic,1
166,.bond,generic,1
167,.boo,generic,1
168,.book,generic,1
169,.booking,generic,1
170,.boots,generic,1
171,.bosch,generic,1
172,.bostik,generic,1
173,.boston,generic,1
174,.bot,generic,1
175,.boutique,generic,1
176,.box,generic,1
177,.bq,country-code,1
178,.br,country-code,1
179,.bradesco,generic,1
180,.bridgestone,generic,1
181,.broadway,generic,1
182,.broker,generic,1
183,.brother,generic,1
184,.brussels,generic,1
185,.bs,country-code,1
186,.bt,country-code,1
187,.budapest,generic,1
188,.bugatti,generic,1
189,.build,generic,1
190,.builders,generic,1
191,.business,generic,1
192,.buy,generic,1
193,.buzz,generic,1
194,.bv,country-code,1
195,.bw,country-code,1
196,.by,country-code,1
197,.bz,country-code,1
198,.bzh,generic,1
199,.ca,country-code,1
200,.cab,generic,1
201,.cafe,generic,1
202,.cal,generic,1
203,.call,generic,1
204,.calvinklein,generic,1
205,.cam,generic,1
206,.camera,generic,1
207,.camp,generic,1
208,.cancerresearch,generic,1
209,.canon,generic,1
210,.capetown,generic,1
211,.capital,generic,1
212,.capitalone,generic,1
213,.car,generic,1
214,.caravan,generic,1
215,.cards,generic,1
216,.care,generic,1
217,.career,generic,1
218,.careers,generic,1
219,.cars,generic,1
220,.cartier,generic,1
221,.casa,generic,1
222,.case,generic,1
223,.caseih,generic,1
224,.cash,generic,1
225,.casino,generic,1
226,.cat,sponsored,1
227,.catering,generic,1
228,.catholic,generic,1
229,.cba,generic,1
230,.cbn,generic,1
231,.cbre,generic,1
232,.cbs,generic,1
233,.cc,country-code,1
234,.cd,country-code,1
235,.ceb,generic,1
236,.center,generic,1
237,.ceo,generic,1
238,.cern,generic,1
239,.cf,country-code,1
240,.cfa,generic,1
241,.cfd,generic,1
242,.cg,country-code,1
243,.ch,country-code,1
244,.chanel,generic,1
245,.channel,generic,1
246,.charity,generic,1
247,.chase,generic,1
248,.chat,generic,1
249,.cheap,generic,1
250,.chintai,generic,1
251,.chloe,generic,1
252,.christmas,generic,1
253,.chrome,generic,1
254,.chrysler,generic,1
255,.church,generic,1
256,.ci,country-code,1
257,.cipriani,generic,1
258,.circle,generic,1
259,.cisco,generic,1
260,.citadel,generic,1
261,.citi,generic,1
262,.citic,generic,1
263,.city,generic,1
264,.cityeats,generic,1
265,.ck,country-code,1
266,.cl,country-code,1
267,.claims,generic,1
268,.cleaning,generic,1
269,.click,generic,1
270,.clinic,generic,1
271,.clinique,generic,1
272,.clothing,generic,1
273,.cloud,generic,1
274,.club,generic,1
275,.clubmed,generic,1
276,.cm,country-code,1
277,.cn,country-code,1
278,.co,country-code,1
279,.coach,generic,1
280,.codes,generic,1
281,.coffee,generic,1
282,.college,generic,1
283,.cologne,generic,1
284,.com,generic,1
285,.comcast,generic,1
286,.commbank,generic,1
287,.community,generic,1
288,.company,generic,1
289,.compare,generic,1
290,.computer,generic,1
291,.comsec,generic,1
292,.condos,generic,1
293,.construction,generic,1
294,.consulting,generic,1
295,.contact,generic,1
296,.contractors,generic,1
297,.cooking,generic,1
298,.cookingchannel,generic,1
299,.cool,generic,1
300,.coop,sponsored,1
301,.corsica,generic,1
302,.country,generic,1
303,.coupon,generic,1
304,.coupons,generic,1
305,.courses,generic,1
306,.cpa,generic,1
307,.cr,country-code,1
308,.credit,generic,1
309,.creditcard,generic,1
310,.creditunion,generic,1
311,.cricket,generic,1
312,.crown,generic,1
313,.crs,generic,1
314,.cruise,generic,1
315,.cruises,generic,1
316,.csc,generic,1
317,.cu,country-code,1
318,.cuisinella,generic,1
319,.cv,country-code,1
320,.cw,country-code,1
321,.cx,country-code,1
322,.cy,country-code,1
323,.cymru,generic,1
324,.cyou,generic,1
325,.cz,country-code,1
326,.dabur,generic,1
327,.dad,generic,1
328,.dance,generic,1
329,.data,generic,1
330,.date,generic,1
331,.dating,generic,1
332,.datsun,generic,1
333,.day,generic,1
334,.dclk,generic,1
335,.dds,generic,1
336,.de,country-code,1
337,.deal,generic,1
338,.dealer,generic,1
339,.deals,generic,1
340,.degree,generic,1
341,.delivery,generic,1
342,.dell,generic,1
343,.deloitte,generic,1
344,.delta,generic,1
345,.democrat,generic,1
346,.dental,generic,1
347,.dentist,generic,1
348,.desi,generic,1
349,.design,generic,1
350,.dev,generic,1
351,.dhl,generic,1
352,.diamonds,generic,1
353,.diet,generic,1
354,.digital,generic,1
355,.direct,generic,1
356,.directory,generic,1
357,.discount,generic,1
358,.discover,generic,1
359,.dish,generic,1
360,.diy,generic,1
361,.dj,country-code,1
362,.dk,country-code,1
363,.dm,country-code,1
364,.dnp,generic,1
365,.do,country-code,1
366,.docs,generic,1
367,.doctor,generic,1
368,.dodge,generic,1
369,.dog,generic,1
370,.doha,generic,1
371,.domains,generic,1
372,.doosan,generic,1
373,.dot,generic,1
374,.download,generic,1
375,.drive,generic,1
376,.dtv,generic,1
377,.dubai,generic,1
378,.duck,generic,1
379,.dunlop,generic,1
380,.duns,generic,1
381,.dupont,generic,1
382,.durban,generic,1
383,.dvag,generic,1
384,.dvr,generic,1
385,.dz,country-code,1
386,.earth,generic,1
387,.eat,generic,1
388,.ec,country-code,1
389,.eco,generic,1
390,.edeka,generic,1
391,.edu,sponsored,1
392,.education,generic,1
393,.ee,country-code,1
394,.eg,country-code,1
395,.eh,country-code,1
396,.email,generic,1
397,.emerck,generic,1
398,.energy,generic,1
399,.engineer,generic,1
400,.engineering,generic,1
401,.enterprises,generic,1
402,.epost,generic,1
403,.epson,generic,1
404,.equipment,generic,1
405,.er,country-code,1
406,.ericsson,generic,1
407,.erni,generic,1
408,.es,country-code,1
409,.esq,generic,1
410,.estate,generic,1
411,.esurance,generic,1
412,.et,country-code,1
413,.etisalat,generic,1
414,.eu,country-code,1
415,.eurovision,generic,1
416,.eus,generic,1
417,.events,generic,1
418,.everbank,generic,1
419,.exchange,generic,1
420,.expert,generic,1
421,.exposed,generic,1
422,.express,generic,1
423,.extraspace,generic,1
424,.fage,generic,1
425,.fail,generic,1
426,.fairwinds,generic,1
427,.faith,generic,1
428,.family,generic,1
429,.fan,generic,1
430,.fans,generic,1
431,.farm,generic,1
432,.farmers,generic,1
433,.fashion,generic,1
434,.fast,generic,1
435,.fedex,generic,1
436,.feedback,generic,1
437,.ferrari,generic,1
438,.ferrero,generic,1
439,.fi,country-code,1
440,.fiat,generic,1
441,.fidelity,generic,1
442,.fido,generic,1
443,.film,generic,1
444,.final,generic,1
445,.finance,generic,1
446,.financial,generic,1
447,.fire,generic,1
448,.firestone,generic,1
449,.firmdale,generic,1
450,.fish,generic,1
451,.fishing,generic,1
452,.fit,generic,1
453,.fitness,generic,1
454,.fj,country-code,1
455,.fk,country-code,1
456,.flickr,generic,1
457,.flights,generic,1
458,.flir,generic,1
459,.florist,generic,1
460,.flowers,generic,1
461,.flsmidth,generic,1
462,.fly,generic,1
463,.fm,country-code,1
464,.fo,country-code,1
465,.foo,generic,1
466,.food,generic,1
467,.foodnetwork,generic,1
468,.football,generic,1
469,.ford,generic,1
470,.forex,generic,1
471,.forsale,generic,1
472,.forum,generic,1
473,.foundation,generic,1
474,.fox,generic,1
475,.fr,country-code,1
476,.free,generic,1
477,.fresenius,generic,1
478,.frl,generic,1
479,.frogans,generic,1
480,.frontdoor,generic,1
481,.frontier,generic,1
482,.ftr,generic,1
483,.fujitsu,generic,1
484,.fujixerox,generic,1
485,.fun,generic,1
486,.fund,generic,1
487,.furniture,generic,1
488,.futbol,generic,1
489,.fyi,generic,1
490,.ga,country-code,1
491,.gal,generic,1
492,.gallery,generic,1
493,.gallo,generic,1
494,.gallup,generic,1
495,.game,generic,1
496,.games,generic,1
497,.gap,generic,1
498,.garden,generic,1
499,.gay,generic,1
500,.gb,country-code,1
501,.gbiz,generic,1
502,.gd,country-code,1
503,.gdn,generic,1
504,.ge,country-code,1
505,.gea,generic,1
506,.gent,generic,1
507,.genting,generic,1
508,.george,generic,1
509,.gf,country-code,1
510,.gg,country-code,1
511,.ggee,generic,1
512,.gh,country-code,1
513,.gi,country-code,1
514,.gift,generic,1
515,.gifts,generic,1
516,.gives,generic,1
517,.giving,generic,1
518,.gl,country-code,1
519,.glade,generic,1
520,.glass,generic,1
521,.gle,generic,1
522,.global,generic,1
523,.globo,generic,1
524,.gm,country-code,1
525,.gmail,generic,1
526,.gmbh,generic,1
527,.gmo,generic,1
528,.gmx,generic,1
529,.gn,country-code,1
530,.godaddy,generic,1
531,.gold,generic,1
532,.goldpoint,generic,1
533,.golf,generic,1
534,.goo,generic,1
535,.goodhands,generic,1
536,.goodyear,generic,1
537,.goog,generic,1
538,.google,generic,1
539,.gop,generic,1
540,.got,generic,1
541,.gov,sponsored,1
542,.gp,country-code,1
543,.gq,country-code,1
544,.gr,country-code,1
545,.grainger,generic,1
546,.graphics,generic,1
547,.gratis,generic,1
548,.green,generic,1
549,.gripe,generic,1
550,.grocery,generic,1
551,.group,generic,1
552,.gs,country-code,1
553,.gt,country-code,1
554,.gu,country-code,1
555,.guardian,generic,1
556,.gucci,generic,1
557,.guge,generic,1
558,.guide,generic,1
559,.guitars,generic,1
560,.guru,generic,1
561,.gw,country-code,1
562,.gy,country-code,1
563,.hair,generic,1
564,.hamburg,generic,1
565,.hangout,generic,1
566,.haus,generic,1
567,.hbo,generic,1
568,.hdfc,generic,1
569,.hdfcbank,generic,1
570,.health,generic,1
571,.healthcare,generic,1
572,.help,generic,1
573,.helsinki,generic,1
574,.here,generic,1
575,.hermes,generic,1
576,.hgtv,generic,1
577,.hiphop,generic,1
578,.hisamitsu,generic,1
579,.hitachi,generic,1
580,.hiv,generic,1
581,.hk,country-code,1
582,.hkt,generic,1
583,.hm,country-code,1
584,.hn,country-code,1
585,.hockey,generic,1
586,.holdings,generic,1
587,.holiday,generic,1
588,.homedepot,generic,1
589,.homegoods,generic,1
590,.homes,generic,1
591,.homesense,generic,1
592,.honda,generic,1
593,.honeywell,generic,1
594,.horse,generic,1
595,.hospital,generic,1
596,.host,generic,1
597,.hosting,generic,1
598,.hot,generic,1
599,.hoteles,generic,1
600,.hotels,generic,1
601,.hotmail,generic,1
602,.house,generic,1
603,.how,generic,1
604,.hr,country-code,1
605,.hsbc,generic,1
606,.ht,country-code,1
607,.htc,generic,1
608,.hu,country-code,1
609,.hughes,generic,1
610,.hyatt,generic,1
611,.hyundai,generic,1
612,.ibm,generic,1
613,.icbc,generic,1
614,.ice,generic,1
615,.icu,generic,1
616,.id,country-code,1
617,.ie,country-code,1
618,.ieee,generic,1
619,.ifm,generic,1
620,.iinet,generic,1
621,.ikano,generic,1
622,.il,country-code,1
623,.im,country-code,1
624,.imamat,generic,1
625,.imdb,generic,1
626,.immo,generic,1
627,.immobilien,generic,1
628,.in,country-code,1
629,.inc,generic,1
630,.industries,generic,1
631,.infiniti,generic,1
632,.info,generic,1
633,.ing,generic,1
634,.ink,generic,1
635,.institute,generic,1
636,.insurance,generic,1
637,.insure,generic,1
638,.int,sponsored,1
639,.intel,generic,1
640,.international,generic,1
641,.intuit,generic,1
642,.investments,generic,1
643,.io,country-code,1
644,.ipiranga,generic,1
645,.iq,country-code,1
646,.ir,country-code,1
647,.irish,generic,1
648,.is,country-code,1
649,.iselect,generic,1
650,.ismaili,generic,1
651,.ist,generic,1
652,.istanbul,generic,1
653,.it,country-code,1
654,.itau,generic,1
655,.itv,generic,1
656,.iveco,generic,1
657,.iwc,generic,1
658,.jaguar,generic,1
659,.java,generic,1
660,.jcb,generic,1
661,.jcp,generic,1
662,.je,country-code,1
663,.jeep,generic,1
664,.jetzt,generic,1
665,.jewelry,generic,1
666,.jio,generic,1
667,.jlc,generic,1
668,.jll,generic,1
669,.jm,country-code,1
670,.jmp,generic,1
671,.jnj,generic,1
672,.jo,country-code,1
673,.jobs,sponsored,1
674,.joburg,generic,1
675,.jot,generic,1
676,.joy,generic,1
677,.jp,country-code,1
678,.jpmorgan,generic,1
679,.jprs,generic,1
680,.juegos,generic,1
681,.juniper,generic,1
682,.kaufen,generic,1
683,.kddi,generic,1
684,.ke,country-code,1
685,.kerryhotels,generic,1
686,.kerrylogistics,generic,1
687,.kerryproperties,generic,1
688,.kfh,generic,1
689,.kg,country-code,1
690,.kh,country-code,1
691,.ki,country-code,1
692,.kia,generic,1
693,.kim,generic,1
694,.kinder,generic,1
695,.kindle,generic,1
696,.kitchen,generic,1
697,.kiwi,generic,1
698,.km,country-code,1
699,.kn,country-code,1
700,.koeln,generic,1
701,.komatsu,generic,1
702,.kosher,generic,1
703,.kp,country-code,1
704,.kpmg,generic,1
705,.kpn,generic,1
706,.kr,country-code,1
707,.krd,generic,1
708,.kred,generic,1
709,.kuokgroup,generic,1
710,.kw,country-code,1
711,.ky,country-code,1
712,.kyoto,generic,1
713,.kz,country-code,1
714,.la,country-code,1
715,.lacaixa,generic,1
716,.ladbrokes,generic,1
717,.lamborghini,generic,1
718,.lamer,generic,1
719,.lancaster,generic,1
720,.lancia,generic,1
721,.lancome,generic,1
722,.land,generic,1
723,.landrover,generic,1
724,.lanxess,generic,1
725,.lasalle,generic,1
726,.lat,generic,1
727,.latino,generic,1
728,.latrobe,generic,1
729,.law,generic,1
730,.lawyer,generic,1
731,.lb,country-code,1
732,.lc,country-code,1
733,.lds,generic,1
734,.lease,generic,1
735,.leclerc,generic,1
736,.lefrak,generic,1
737,.legal,generic,1
738,.lego,generic,1
739,.lexus,generic,1
740,.lgbt,generic,1
741,.li,country-code,1
742,.liaison,generic,1
743,.lidl,generic,1
744,.life,generic,1
745,.lifeinsurance,generic,1
746,.lifestyle,generic,1
747,.lighting,generic,1
748,.like,generic,1
749,.lilly,generic,1
750,.limited,generic,1
751,.limo,generic,1
752,.lincoln,generic,1
753,.linde,generic,1
754,.link,generic,1
755,.lipsy,generic,1
756,.live,generic,1
757,.living,generic,1
758,.lixil,generic,1
759,.lk,country-code,1
760,.llc,generic,1
761,.llp,generic,1
762,.loan,generic,1
763,.loans,generic,1
764,.locker,generic,1
765,.locus,generic,1
766,.loft,generic,1
767,.lol,generic,1
768,.london,generic,1
769,.lotte,generic,1
770,.lotto,generic,1
771,.love,generic,1
772,.lpl,generic,1
773,.lplfinancial,generic,1
774,.lr,country-code,1
775,.ls,country-code,1
776,.lt,country-code,1
777,.ltd,generic,1
778,.ltda,generic,1
779,.lu,country-code,1
780,.lundbeck,generic,1
781,.lupin,generic,1
782,.luxe,generic,1
783,.luxury,generic,1
784,.lv,country-code,1
785,.ly,country-code,1
786,.ma,country-code,1
787,.macys,generic,1
788,.madrid,generic,1
789,.maif,generic,1
790,.maison,generic,1
791,.makeup,generic,1
792,.man,generic,1
793,.management,generic,1
794,.mango,generic,1
795,.map,generic,1
796,.market,generic,1
797,.marketing,generic,1
798,.markets,generic,1
799,.marriott,generic,1
800,.marshalls,generic,1
801,.maserati,generic,1
802,.mattel,generic,1
803,.mba,generic,1
804,.mc,country-code,1
805,.mcd,generic,1
806,.mcdonalds,generic,1
807,.mckinsey,generic,1
808,.md,country-code,1
809,.me,country-code,1
810,.med,generic,1
811,.media,generic,1
812,.meet,generic,1
813,.melbourne,generic,1
814,.meme,generic,1
815,.memorial,generic,1
816,.men,generic,1
817,.menu,generic,1
818,.meo,generic,1
819,.merckmsd,generic,1
820,.metlife,generic,1
821,.mf,country-code,1
822,.mg,country-code,1
823,.mh,country-code,1
824,.miami,generic,1
825,.microsoft,generic,1
826,.mil,sponsored,1
827,.mini,generic,1
828,.mint,generic,1
829,.mit,generic,1
830,.mitsubishi,generic,1
831,.mk,country-code,1
832,.ml,country-code,1
833,.mlb,generic,1
834,.mls,generic,1
835,.mm,country-code,1
836,.mma,generic,1
837,.mn,country-code,1
838,.mo,country-code,1
839,.mobi,generic,1
840,.mobile,generic,1
841,.mobily,generic,1
842,.moda,generic,1
843,.moe,generic,1
844,.moi,generic,1
845,.mom,generic,1
846,.monash,generic,1
847,.money,generic,1
848,.monster,generic,1
849,.montblanc,generic,1
850,.mopar,generic,1
851,.mormon,generic,1
852,.mortgage,generic,1
853,.moscow,generic,1
854,.moto,generic,1
855,.motorcycles,generic,1
856,.mov,generic,1
857,.movie,generic,1
858,.movistar,generic,1
859,.mp,country-code,1
860,.mq,country-code,1
861,.mr,country-code,1
862,.ms,country-code,1
863,.msd,generic,1
864,.mt,country-code,1
865,.mtn,generic,1
866,.mtpc,generic,1
867,.mtr,generic,1
868,.mu,country-code,1
869,.museum,sponsored,1
870,.music,generic,1
871,.mutual,generic,1
872,.mutuelle,generic,1
873,.mv,country-code,1
874,.mw,country-code,1
875,.mx,country-code,1
876,.my,country-code,1
877,.mz,country-code,1
878,.na,country-code,1
879,.nab,generic,1
880,.nadex,generic,1
881,.nagoya,generic,1
882,.name,generic-restricted,1
883,.nationwide,generic,1
884,.natura,generic,1
885,.navy,generic,1
886,.nba,generic,1
887,.nc,country-code,1
888,.ne,country-code,1
889,.nec,generic,1
890,.net,generic,1
891,.netbank,generic,1
892,.netflix,generic,1
893,.network,generic,1
894,.neustar,generic,1
895,.new,generic,1
896,.newholland,generic,1
897,.news,generic,1
898,.next,generic,1
899,.nextdirect,generic,1
900,.nexus,generic,1
901,.nf,country-code,1
902,.nfl,generic,1
903,.ng,country-code,1
904,.ngo,generic,1
905,.nhk,generic,1
906,.ni,country-code,1
907,.nico,generic,1
908,.nike,generic,1
909,.nikon,generic,1
910,.ninja,generic,1
911,.nissan,generic,1
912,.nissay,generic,1
913,.nl,country-code,1
914,.no,country-code,1
915,.nokia,generic,1
916,.northwesternmutual,generic,1
917,.norton,generic,1
918,.now,generic,1
919,.nowruz,generic,1
920,.nowtv,generic,1
921,.np,country-code,1
922,.nr,country-code,1
923,.nra,generic,1
924,.nrw,generic,1
925,.ntt,generic,1
926,.nu,country-code,1
927,.nyc,generic,1
928,.nz,country-code,1
929,.obi,generic,1
930,.observer,generic,1
931,.off,generic,1
932,.office,generic,1
933,.okinawa,generic,1
934,.olayan,generic,1
935,.olayangroup,generic,1
936,.oldnavy,generic,1
937,.ollo,generic,1
938,.om,country-code,1
939,.omega,generic,1
940,.one,generic,1
941,.ong,generic,1
942,.onl,generic,1
943,.online,generic,1
944,.onyourside,generic,1
945,.ooo,generic,1
946,.open,generic,1
947,.oracle,generic,1
948,.orange,generic,1
949,.org,generic,1
950,.organic,generic,1
951,.orientexpress,generic,1
952,.origins,generic,1
953,.osaka,generic,1
954,.otsuka,generic,1
955,.ott,generic,1
956,.ovh,generic,1
957,.pa,country-code,1
958,.page,generic,1
959,.pamperedchef,generic,1
960,.panasonic,generic,1
961,.panerai,generic,1
962,.paris,generic,1
963,.pars,generic,1
964,.partners,generic,1
965,.parts,generic,1
966,.party,generic,1
967,.passagens,generic,1
968,.pay,generic,1
969,.pccw,generic,1
970,.pe,country-code,1
971,.pet,generic,1
972,.pf,country-code,1
973,.pfizer,generic,1
974,.pg,country-code,1
975,.ph,country-code,1
976,.pharmacy,generic,1
977,.phd,generic,1
978,.philips,generic,1
979,.phone,generic,1
980,.photo,generic,1
981,.photography,generic,1
982,.photos,generic,1
983,.physio,generic,1
984,.piaget,generic,1
985,.pics,generic,1
986,.pictet,generic,1
987,.pictures,generic,1
988,.pid,generic,1
989,.pin,generic,1
990,.ping,generic,1
991,.pink,generic,1
992,.pioneer,generic,1
993,.pizza,generic,1
994,.pk,country-code,1
995,.pl,country-code,1
996,.place,generic,1
997,.play,generic,1
998,.playstation,generic,1
999,.plumbing,generic,1
1000,.plus,generic,1
1001,.pm,country-code,1
1002,.pn,country-code,1
1003,.pnc,generic,1
1004,.pohl,generic,1
1005,.poker,generic,1
1006,.politie,generic,1
1007,.porn,generic,1
1008,.post,sponsored,1
1009,.pr,country-code,1
1010,.pramerica,generic,1
1011,.praxi,generic,1
1012,.press,generic,1
1013,.prime,generic,1
1014,.pro,generic-restricted,1
1015,.prod,generic,1
1016,.productions,generic,1
1017,.prof,generic,1
1018,.progressive,generic,1
1019,.promo,generic,1
1020,.properties,generic,1
1021,.property,generic,1
1022,.protection,generic,1
1023,.pru,generic,1
1024,.prudential,generic,1
1025,.ps,country-code,1
1026,.pt,country-code,1
1027,.pub,generic,1
1028,.pw,country-code,1
1029,.pwc,generic,1
1030,.py,country-code,1
1031,.qa,country-code,1
1032,.qpon,generic,1
1033,.quebec,generic,1
1034,.quest,generic,1
1035,.qvc,generic,1
1036,.racing,generic,1
1037,.radio,generic,1
1038,.raid,generic,1
1039,.re,country-code,1
1040,.read,generic,1
1041,.realestate,generic,1
1042,.realtor,generic,1
1043,.realty,generic,1
1044,.recipes,generic,1
1045,.red,generic,1
1046,.redstone,generic,1
1047,.redumbrella,generic,1
1048,.rehab,generic,1
1049,.reise,generic,1
1050,.reisen,generic,1
1051,.reit,generic,1
1052,.reliance,generic,1
1053,.ren,generic,1
1054,.rent,generic,1
1055,.rentals,generic,1
1056,.repair,generic,1
1057,.report,generic,1
1058,.republican,generic,1
1059,.rest,generic,1
1060,.restaurant,generic,1
1061,.review,generic,1
1062,.reviews,generic,1
1063,.rexroth,generic,1
1064,.rich,generic,1
1065,.richardli,generic,1
1066,.ricoh,generic,1
1067,.rightathome,generic,1
1068,.ril,generic,1
1069,.rio,generic,1
1070,.rip,generic,1
1071,.rmit,generic,1
1072,.ro,country-code,1
1073,.rocher,generic,1
1074,.rocks,generic,1
1075,.rodeo,generic,1
1076,.rogers,generic,1
1077,.room,generic,1
1078,.rs,country-code,1
1079,.rsvp,generic,1
1080,.ru,country-code,1
1081,.rugby,generic,1
1082,.ruhr,generic,1
1083,.run,generic,1
1084,.rw,country-code,1
1085,.rwe,generic,1
1086,.ryukyu,generic,1
1087,.sa,country-code,1
1088,.saarland,generic,1
1089,.safe,generic,1
1090,.safety,generic,1
1091,.sakura,generic,1
1092,.sale,generic,1
1093,.salon,generic,1
1094,.samsclub,generic,1
1095,.samsung,generic,1
1096,.sandvik,generic,1
1097,.sandvikcoromant,generic,1
1098,.sanofi,generic,1
1099,.sap,generic,1
1100,.sapo,generic,1
1101,.sarl,generic,1
1102,.sas,generic,1
1103,.save,generic,1
1104,.saxo,generic,1
1105,.sb,country-code,1
1106,.sbi,generic,1
1107,.sbs,generic,1
1108,.sc,country-code,1
1109,.sca,generic,1
1110,.scb,generic,1
1111,.schaeffler,generic,1
1112,.schmidt,generic,1
1113,.scholarships,generic,1
1114,.school,generic,1
1115,.schule,generic,1
1116,.schwarz,generic,1
1117,.science,generic,1
1118,.scjohnson,generic,1
1119,.scor,generic,1
1120,.scot,generic,1
1121,.sd,country-code,1
1122,.se,country-code,1
1123,.search,generic,1
1124,.seat,generic,1
1125,.secure,generic,1
1126,.security,generic,1
1127,.seek,generic,1
1128,.select,generic,1
1129,.sener,generic,1
1130,.services,generic,1
1131,.ses,generic,1
1132,.seven,generic,1
1133,.sew,generic,1
1134,.sex,generic,1
1135,.sexy,generic,1
1136,.sfr,generic,1
1137,.sg,country-code,1
1138,.sh,country-code,1
1139,.shangrila,generic,1
1140,.sharp,generic,1
1141,.shaw,generic,1
1142,.shell,generic,1
1143,.shia,generic,1
1144,.shiksha,generic,1
1145,.shoes,generic,1
1146,.shop,generic,1
1147,.shopping,generic,1
1148,.shouji,generic,1
1149,.show,generic,1
1150,.showtime,generic,1
1151,.shriram,generic,1
1152,.si,country-code,1
1153,.silk,generic,1
1154,.sina,generic,1
1155,.singles,generic,1
1156,.site,generic,1
1157,.sj,country-code,1
1158,.sk,country-code,1
1159,.ski,generic,1
1160,.skin,generic,1
1161,.sky,generic,1
1162,.skype,generic,1
1163,.sl,country-code,1
1164,.sling,generic,1
1165,.sm,country-code,1
1166,.smart,generic,1
1167,.smile,generic,1
1168,.sn,country-code,1
1169,.sncf,generic,1
1170,.so,country-code,1
1171,.soccer,generic,1
1172,.social,generic,1
1173,.softbank,generic,1
1174,.software,generic,1
1175,.sohu,generic,1
1176,.solar,generic,1
1177,.solutions,generic,1
1178,.song,generic,1
1179,.sony,generic,1
1180,.soy,generic,1
1181,.spa,generic,1
1182,.space,generic,1
1183,.spiegel,generic,1
1184,.sport,generic,1
1185,.spot,generic,1
1186,.spreadbetting,generic,1
1187,.sr,country-code,1
1188,.srl,generic,1
1189,.srt,generic,1
1190,.ss,country-code,1
1191,.st,country-code,1
1192,.stada,generic,1
1193,.staples,generic,1
1194,.star,generic,1
1195,.starhub,generic,1
1196,.statebank,generic,1
1197,.statefarm,generic,1
1198,.statoil,generic,1
1199,.stc,generic,1
1200,.stcgroup,generic,1
1201,.stockholm,generic,1
1202,.storage,generic,1
1203,.store,generic,1
1204,.stream,generic,1
1205,.studio,generic,1
1206,.study,generic,1
1207,.style,generic,1
1208,.su,country-code,1
1209,.sucks,generic,1
1210,.supplies,generic,1
1211,.supply,generic,1
1212,.support,generic,1
1213,.surf,generic,1
1214,.surgery,generic,1
1215,.suzuki,generic,1
1216,.sv,country-code,1
1217,.swatch,generic,1
1218,.swiftcover,generic,1
1219,.swiss,generic,1
1220,.sx,country-code,1
1221,.sy,country-code,1
1222,.sydney,generic,1
1223,.symantec,generic,1
1224,.systems,generic,1
1225,.sz,country-code,1
1226,.tab,generic,1
1227,.taipei,generic,1
1228,.talk,generic,1
1229,.taobao,generic,1
1230,.target,generic,1
1231,.tatamotors,generic,1
1232,.tatar,generic,1
1233,.tattoo,generic,1
1234,.tax,generic,1
1235,.taxi,generic,1
1236,.tc,country-code,1
1237,.tci,generic,1
1238,.td,country-code,1
1239,.tdk,generic,1
1240,.team,generic,1
1241,.tech,generic,1
1242,.technology,generic,1
1243,.tel,sponsored,1
1244,.telecity,generic,1
1245,.telefonica,generic,1
1246,.temasek,generic,1
1247,.tennis,generic,1
1248,.teva,generic,1
1249,.tf,country-code,1
1250,.tg,country-code,1
1251,.th,country-code,1
1252,.thd,generic,1
1253,.theater,generic,1
1254,.theatre,generic,1
1255,.tiaa,generic,1
1256,.tickets,generic,1
1257,.tienda,generic,1
1258,.tiffany,generic,1
1259,.tips,generic,1
1260,.tires,generic,1
1261,.tirol,generic,1
1262,.tj,country-code,1
1263,.tjmaxx,generic,1
1264,.tjx,generic,1
1265,.tk,country-code,1
1266,.tkmaxx,generic,1
1267,.tl,country-code,1
1268,.tm,country-code,1
1269,.tmall,generic,1
1270,.tn,country-code,1
1271,.to,country-code,1
1272,.today,generic,1
1273,.tokyo,generic,1
1274,.tools,generic,1
1275,.top,generic,1
1276,.toray,generic,1
1277,.toshiba,generic,1
1278,.total,generic,1
1279,.tours,generic,1
1280,.town,generic,1
1281,.toyota,generic,1
1282,.toys,generic,1
1283,.tp,country-code,1
1284,.tr,country-code,1
1285,.trade,generic,1
1286,.trading,generic,1
1287,.training,generic,1
1288,.travel,sponsored,1
1289,.travelchannel,generic,1
1290,.travelers,generic,1
1291,.travelersinsurance,generic,1
1292,.trust,generic,1
1293,.trv,generic,1
1294,.tt,country-code,1
1295,.tube,generic,1
1296,.tui,generic,1
1297,.tunes,generic,1
1298,.tushu,generic,1
1299,.tv,country-code,1
1300,.tvs,generic,1
1301,.tw,country-code,1
1302,.tz,country-code,1
1303,.ua,country-code,1
1304,.ubank,generic,1
1305,.ubs,generic,1
1306,.uconnect,generic,1
1307,.ug,country-code,1
1308,.uk,country-code,1
1309,.um,country-code,1
1310,.unicom,generic,1
1311,.university,generic,1
1312,.uno,generic,1
1313,.uol,generic,1
1314,.ups,generic,1
1315,.us,country-code,1
1316,.uy,country-code,1
1317,.uz,country-code,1
1318,.va,country-code,1
1319,.vacations,generic,1
1320,.vana,generic,1
1321,.vanguard,generic,1
1322,.vc,country-code,1
1323,.ve,country-code,1
1324,.vegas,generic,1
1325,.ventures,generic,1
1326,.verisign,generic,1
1327,.versicherung,generic,1
1328,.vet,generic,1
1329,.vg,country-code,1
1330,.vi,country-code,1
1331,.viajes,generic,1
1332,.video,generic,1
1333,.vig,generic,1
1334,.viking,generic,1
1335,.villas,generic,1
1336,.vin,generic,1
1337,.vip,generic,1
1338,.virgin,generic,1
1339,.visa,generic,1
1340,.vision,generic,1
1341,.vista,generic,1
1342,.vistaprint,generic,1
1343,.viva,generic,1
1344,.vivo,generic,1
1345,.vlaanderen,generic,1
1346,.vn,country-code,1
1347,.vodka,generic,1
1348,.volkswagen,generic,1
1349,.volvo,generic,1
1350,.vote,generic,1
1351,.voting,generic,1
1352,.voto,generic,1
1353,.voyage,generic,1
1354,.vu,country-code,1
1355,.vuelos,generic,1
1356,.wales,generic,1
1357,.walmart,generic,1
1358,.walter,generic,1
1359,.wang,generic,1
1360,.wanggou,generic,1
1361,.warman,generic,1
1362,.watch,generic,1
1363,.watches,generic,1
1364,.weather,generic,1
1365,.weatherchannel,generic,1
1366,.webcam,generic,1
1367,.weber,generic,1
1368,.website,generic,1
1369,.wed,generic,1
1370,.wedding,generic,1
1371,.weibo,generic,1
1372,.weir,generic,1
1373,.wf,country-code,1
1374,.whoswho,generic,1
1375,.wien,generic,1
1376,.wiki,generic,1
1377,.williamhill,generic,1
1378,.win,generic,1
1379,.windows,generic,1
1380,.wine,generic,1
1381,.winners,generic,1
1382,.wme,generic,1
1383,.wolterskluwer,generic,1
1384,.woodside,generic,1
1385,.work,generic,1
1386,.works,generic,1
1387,.world,generic,1
1388,.wow,generic,1
1389,.ws,country-code,1
1390,.wtc,generic,1
1391,.wtf,generic,1
1392,.xbox,generic,1
1393,.xerox,generic,1
1394,.xfinity,generic,1
1395,.xihuan,generic,1
1396,.xin,generic,1
1397,.xperia,generic,1
1398,.xxx,sponsored,1
1399,.xyz,generic,1
1400,.yachts,generic,1
1401,.yahoo,generic,1
1402,.yamaxun,generic,1
1403,.yandex,generic,1
1404,.ye,country-code,1
1405,.yodobashi,generic,1
1406,.yoga,generic,1
1407,.yokohama,generic,1
1408,.you,generic,1
1409,.youtube,generic,1
1410,.yt,country-code,1
1411,.yun,generic,1
1412,.za,country-code,1
1413,.zappos,generic,1
1414,.zara,generic,1
1415,.zero,generic,1
1416,.zip,generic,1
1417,.zippo,generic,1
1418,.zm,country-code,1
1419,.zone,generic,1
1420,.zuerich,generic,1
1421,.zw,country-code,1
1422,.localhost,local-environment,1
