id,account_type_id,code,name,is_active,user_id
1,2,101,CAPITAL SOCIAL,1,1
2,2,1011,CAPITAL SUBSCRIS NEVARSAT,1,1
3,2,1012,CAPITAL SUBSCRIS VARSAT,1,1
4,2,1015,PATRIMONIUL REGIEI,1,1
5,2,1016,PATRIMONIUL PUBLIC,1,1
6,2,1017,PATRIMONIUL PRIVAT,1,1
7,2,1018,PATRIMONIUL INSTITUTELOR DE CERCETARE-DEZVOLTARE,1,1
8,3,103,ALTE ELEMENTE DE CAPITALURI PROPRII,1,1
9,2,1031,BENEFICII ALE ANGAJATILOR SUB FORMA DE CAPITALURI PROPRII,1,1
10,3,1033,DIFERENTE DE CURS PT. INVESTITIA INTR-O ENTITITATE STRAINA,1,1
11,3,1038,ALTE ELEMENTE DE CAPITALURI PROPRII,1,1
12,2,104,PRIME DE CAPITAL,1,1
13,2,1041,PRIME DE EMISIUNE,1,1
14,2,1042,PRIME DE FUZIUNE/DIVIZARE,1,1
15,2,1043,PRIME DE APORT,1,1
16,2,1044,PRIME DE CONVERSIE A OBLIGATIUNILOR IN ACTIUNI,1,1
17,2,105,REZERVE  DIN REEVALUARE,1,1
18,2,106,REZERVE,1,1
19,2,1061,REZERVE LEGALE,1,1
20,2,1063,REZERVE STATUTARE SAU CONTRACTUALE,1,1
21,2,1068,ALTE REZERVE,1,1
22,3,107,DIFERENTE DE CURS VALUTAR DIN CONVERSIE,1,1
23,3,108,INTERESE CARE NU CONTROLEAZA,1,1
24,3,1081,INTERESE CARE NU CONTROLEAZA REZULT. EXERCITIULUI FINANCIAR,1,1
25,3,1082,INTERESE CARE NU CONTROLEAZA - ALTE CAPITALURI PROPRII,1,1
26,1,109,ACTIUNI PROPRII,1,1
27,1,1091,ACTIUNI PROPRII DETINUTE PE TERMEN SCURT,1,1
28,1,1092,ACTIUNI PROPRII DETINUTE PE TERMEN LUNG,1,1
29,1,1095,ACTIUNI DETINUTE DE SOCIETATEA ABSORBITA LA CEA ABSORBANTA,1,1
30,3,117,REZULTATUL REPORTAT,1,1
31,3,1171,REZULTATUL REPORTAT - PROFITUL NEREP./ PIREDERE NEACOP.,1,1
32,3,1172,REZULTATUL REPORTAT DIN ADOPTAREA IAS,1,1
33,3,1173,REZULTATUL REPORTAT DIN MODIFICARILE POLITICILOR COTABILE,1,1
34,3,1174,REZULTATUL REPORTAT DIN CORECTAREA ERORILOR CONTAB.,1,1
35,2,1175,REZULTATUL REPORTAT DIN SURPLUSUL DIN REZERVE DIN REEVALUARE,1,1
36,3,1176,REZULTATUL REPORTAT PROVENIT DIN TRECEREA LA DIREC. IV,1,1
37,3,121,PROFIT SI PIERDERE,1,1
38,1,129,REPARTIZAREA PROFITULUI,1,1
39,2,141,CASTIGURI LEGATE DE INSTRUMENTELE DE CAPITALURI PROPRII,1,1
40,2,1411,CASTIGURI DIN VANZAREA INSTRUMENTELOR DE CAPITALURI PROPRII,1,1
41,2,1412,CASTIGURI DIN ANULAREA INSTRUMENTELOR DE CAPITALURI PROPRII,1,1
42,1,149,PIERDERI LEGATE DE OPERATII CU TITUL GRATUIT DE CAP. PROPRII,1,1
43,1,1491,PIERDERI DIN VANZAREA INSTRUMENTELOR DE CAPITALURI PROPRII,1,1
44,1,1495,"PIERDERI DIN REORGANIZARI, ANULAREA TITLURILOR DETINUTE",1,1
45,1,1498,ALTE PIERDERI LEGATE DE INSTRUMENTELE DE CAPITALURI PROPRII,1,1
46,2,151,PROVIZIOANE,1,1
47,2,1511,PROVIZIOANE PENTRU LITIGII,1,1
48,2,1512,PROVIZIOANE PENTRU GARANTII ACORDATE CLIENTILOR,1,1
49,2,1513,PROVIZIOANE PENTRU DEZAFECTARE IMOBILIZARI CORPORALE,1,1
50,2,1514,PROVIZIOANE PENTRU RESTRUCTURARE,1,1
51,2,1515,PROVIZIOANE PENTRU PENSII SI OBLIGATII SIMILARE,1,1
52,2,1516,PROVIZIOANE PENTRU IMPOZITE,1,1
53,2,1517,PROVIZIOANE PENTRU TERMINAREA CONTRACTULUI DE MUNCA,1,1
54,2,1518,ALTE PROVIZIOANE,1,1
55,2,161,IMPR. DIN EMISIUNI DE OBLIGATIUNI,1,1
56,2,1614,IMPR. EXTERNE DIN EMISIUNI DE OBLIG. GARANTATE DE STAT,1,1
57,2,1615,IMPR. EXTERNE DIN EMISIUNI DE OBLIG. GARANTATE DE BANCI,1,1
58,2,1617,IMPR. INTERNE DIN EMISIUNI DE OBLIG. GARANTATE DE STAT,1,1
59,2,1618,ALTE IMPR. DIN EMISIUNI DE OBLIG.,1,1
60,2,162,CREDITE BANCARE PE TERMEN LUNG,1,1
61,2,1621,CREDITE BANCARE PE TERMEN LUNG,1,1
62,2,1622,CREDITE BANCARE PE TERMEN LUNG NERABURSATE,1,1
63,2,1623,CREDITE EXTERNE GUVERNAMENTALE,1,1
64,2,1624,CREDITE EXTERNE GARANTATE DE STAT,1,1
65,2,1625,CREDITE EXTERNE GARANTATE DE BANCI,1,1
66,2,1626,CREDITE DE LA TREZORERIA STATULUI,1,1
67,2,1627,CREDITE BANCARE INTERNE GARANTATE DE STAT,1,1
68,2,166,DATORII CE PRIVESC IMOBILIZARILE FINANCIARE,1,1
69,2,1661,DATORII FATA DE ENTITATILE AFILIATE,1,1
70,2,1663,DATORII FATA DE ENTITATILE ASOCIATE / CONTROLATE IN COMUN,1,1
71,2,167,ALTE IMPRUMUTURI SI DATORII ASIMILATE,1,1
72,2,168,DOBANZI AFERENTE IMPRUMUTURILOR SI DATORII ASIMILATE,1,1
73,2,1681,DOBANZI AFERENTE IMPRUMUTURILOR DIN OBLIGATIUNI,1,1
74,2,1682,DOBANZI AFERENTE CREDITELOR BANCARE TERMEN LUNG,1,1
75,2,1685,DOBANZI AFERENTE DATORIILOR FATA DE ENTITATILE AFILIATE,1,1
76,2,1686,DOBANZI AFERENTE DATORIILOR FATA DE ENTITATILE ASOCIATE,1,1
77,2,1687,DOBANZI AFERENTE ALTOR IMPRUMUTURI SI DATORII ASIMILATE,1,1
78,1,169,PRIME PRIVIND RAMBURSAREA OBLIGATIUNILOR SI A ALTOR DATORII,1,1
79,1,1691,PRIME PRIVIND RAMBURSAREA OBLIGATIUNILOR,1,1
80,1,1692,PRIME PRIVIND RAMBURSAREA ALTOR DATORII,1,1
81,1,201,CHELTUIELI DE CONSTITUIRE,1,1
82,1,203,CHELTUIELI DE DEZVOLTARE,1,1
83,1,205,"CONCESIUNI, BREVETE, LICENTE, MARCI COMERCIALE",1,1
84,1,206,ACTIVE NECROP. DE EXPLORARE SI EVALUARE RESURSE MINERALE,1,1
85,3,207,FOND COMERCIAL,1,1
86,1,2071,FOND COMERCIAL POZITIV,1,1
87,2,2075,FOND COMERCIAL NEGATIV,1,1
88,1,208,ALTE IMOBILIZARI NECORPORALE,1,1
89,1,211,"TERENURI,  AMENAJARI DE TERENURI",1,1
90,1,2111,TERENURI,1,1
91,1,2112,AMENAJARI DE TERENURI,1,1
92,1,212,CONSTRUCTII,1,1
93,1,213,INSTALATII TEHNICE SI MIJLOACE TRANSPORT,1,1
94,1,2131,"ECHIPAMENTE TEHNOLOGICE (MASINI,UTILAJE)",1,1
95,1,2132,"APARATE SI INSTALATII DE MASURA, CONTROL SI REGLARE",1,1
96,1,2133,MIJLOACE DE TRANSPORT,1,1
97,1,214,"MOBILIER, APARATURA BIROTICA, ALTE ACTIVE CORPORALE",1,1
98,1,215,INVESTITII IMOBILIARE,1,1
99,1,216,ACTIVE CORPORALE DE EXPL. SI EVAL. A RESURSELOR MINERALE,1,1
100,1,217,ACTIVE BIOLOGICE PRODUCTIVE,1,1
101,1,223,"INSTALATII TEHNICE, MIJLOACE DE TRANSPORT IN CURS DE APROV.",1,1
102,1,224,"MOBILIER, APARATURA BIROTICA IN CURS DEAPROVIZIONARE",1,1
103,1,227,ACTIVE BIOLOGICE PRODUCTIVE IN CURS DE APROVIZIONARE,1,1
104,1,231,IMOBILIZARI CORPORALE IN CURS DE EXECUTIE,1,1
105,1,235,INVESTITII IMOBILIARE IN CURS DE EXECUTIE,1,1
106,1,251,ACTIVE DR. DE UTILIZARE A ACTIVELOR IN LEASING,1,1
107,1,261,ACTIUNI DETINUTE LA ENTITATILE AFILIATE,1,1
108,1,262,ACTIUNI DETINUTE LA ENTITATI ASOCIATE,1,1
109,1,263,ACTIUNI DETINUTE LA ENTITATI CONTROLATE IN COMUN,1,1
110,1,264,TITLURI PUSE IN ECHIVALENTA,1,1
111,1,265,ALTE TITLURI IMOBILIZATE,1,1
112,1,266,CERTIFICATE VERZI AMANATE,1,1
113,1,267,CREANTE IMOBILIZATE,1,1
114,1,2671,SUME DATORATE DE ENTITATILE AFILIATE,1,1
115,1,2672,DOBANDA AF. SUMELOR DAT. DE ENTITATILE AFILIATE,1,1
116,1,2673,CREANTE FATA DE ENTITATILE ASOCIATE / CONTROLATE IN COMUN,1,1
117,1,2674,DOBANDA PT. CREANTE FATA DE ENTITATILE ASOCIATE,1,1
118,1,2675,IMPRUMUTURI ACORDATE TERM. LUNG.,1,1
119,1,2676,DOBANDA AFERENTA IMPRUMUTURILOR ACORDATE PE TERMEN LUNG,1,1
120,1,2677,OBLIGATIUNI ACHIZITIONATE EMISE DE TERTI,1,1
121,1,2678,ALTE CREANTE IMOBILIZATE,1,1
122,1,2679,DOBANZI AFERENTE ALTOR CREANTE IMOB.,1,1
123,2,269,VARSAMINTE DE EFECTUAT PT. IMOB. FINANCIARE,1,1
124,2,2691,VARSAMINTE DE EFECTUAT PT. ACTIUNILE DETINUTE LA ENT. AFIL.,1,1
125,2,2692,VARSAMINTE DE EFECTUAT PT. ACTIUNILE DETINUTE LA ENT. ASOC.,1,1
126,2,2693,VARSAMINTE PT. ACTIUNILE DETINUTE LA ENT.CONTROLATE IN COMUN,1,1
127,2,2695,VARSAMINTE DE EFECTUAT PENTRU ALTE IMOBILIZARI FINANCIARE,1,1
128,2,280,AMORT. PRIVIND  IMOBILIZARILE NECORPORALE,1,1
129,2,2801,AMORT. CHELTUIELILOR DE CONSTITUIRE,1,1
130,2,2803,AMORT. CHELTUIELILOR DE DEZVOLTARE,1,1
131,2,2805,"AMORT. CONCESIUNI, BREVETE, LICENTE, MARCI COMERCIALE",1,1
132,2,2806,AMORT. ACTIVELOR NECORPORALE DE EXPLORARE,1,1
133,2,2807,AMORT.  FONDULUI COMERCIAL,1,1
134,2,2808,AMORT. ALTOR  IMOB. NECORPORALE,1,1
135,2,281,AMORT. PRIVIND  IMOBILIZARILE CORPORALE,1,1
136,2,2811,AMORT. AMENAJARILOR DE TERENURI,1,1
137,2,2812,AMORT. CONSTRUCTIILOR,1,1
138,2,2813,"AMORT. INSTALATIILOR, MIJ. DE TRANSPORT",1,1
139,2,2814,AMORT. ALTOR IMOBILIZARI CORPORALE,1,1
140,2,2815,AMORT. INVESTITIILOR IMOBILIARE,1,1
141,2,2816,AMORT. ACTIVELOR CORP. DE EXPL. SI EVAL. A RESURSELOR MINER.,1,1
142,2,2817,AMORT. ACTIVELOR BIOLOGICE PRODUCTIVE,1,1
143,2,285,AMORTIZAREA ACTIVELOR DR. DE UTILIZARE A ACIVELOR IN LEASING,1,1
144,2,290,AJUSTARI - DEPRECIEREA IMOBILIZARILOR NECORPORALE,1,1
145,2,2903,AJUSTARI - DEPRECIEREA CHELTUIELILOR DE DEZVOLTARE,1,1
146,2,2905,"AJUSTARI - DEPRECIEREA CONCESIUNILOR, BREVETELOR, LICENTE",1,1
147,2,2906,AJUSTARI - DEPRECIEREA ACTIVELOR NECORPORALE DE EXPLORARE,1,1
148,2,2908,AJUSTARI - DEPRECIEREA ALTOR IMOBILIZARI NECORPORALE,1,1
149,2,291,AJUSTARI - DEPRECIEREA IMOBILIZARILOR CORPORALE,1,1
150,2,2911,AJUSTARI - DEPRECIEREA TERENURILOR SI AMENAJARILOR,1,1
151,2,2912,AJUSTARI - DEPRECIEREA CONSTRUCTIILOR,1,1
152,2,2913,"AJUSTARI - DEPRECIEREA INSTALATII TEHNICE,MIJ. TRANSP.",1,1
153,2,2914,AJUSTARI - DEPRECIEREA ALTOR IMOBILIZARI CORPORALE,1,1
154,2,2915,AJUSTARI - DEPRECIEREA INVESTI.IILOR IMOBILIARE,1,1
155,2,2916,AJUSTARI - DEPRECIEREA ACTIVELOR CORPORALE DE EXPLORARE,1,1
156,2,2917,AJUSTARI - DEPRECIEREA ACTIVELOR BIOLOGICE PRODUCTIVE,1,1
157,2,293,AJUSTARI - DEPRECIEREA IMOBILIZARILOR IN CURS DE EXEC.,1,1
158,2,2931,AJUSTARI - DEPR. IMOB. CORPORALE IN CURS DE EXECUTIE,1,1
159,2,2935,AJUSTARI - DEPR. INVESTITIILOR IMOBILIARE IN CURS DE EXEC.,1,1
160,2,295,AJUSTARI PENTRU DEPRECIEREA ACTIVELOR IN LEASING,1,1
161,2,296,AJUSTARI - PIERDEREA DE VALOARE A IMOBILIZARILOR FINANCIARE,1,1
162,2,2961,AJUSTARI - PIERDEREA DE VALOARE A ACTIUNILOR LA ENTIT. AFIL.,1,1
163,2,2962,AJUSTARI - PIERDEREA DE VALOARE A ACTIUNILOR LA ENTIT. ASOC.,1,1
164,2,2963,AJUSTARI - PIERDEREA DE VALOARE A ALTOR TITLURI IMOBILIZATE,1,1
165,2,2964,AJUSTARI - PIERDEREA DE VALOARE A SUMELOR DAT. DE ENTIT.AFIL,1,1
166,2,2965,AJUSTARI - PIERDEREA DE VALOARE A CREANTELOR - INT. DE PART.,1,1
167,2,2966,AJUSTARI - PIERDEREA DE VALOARE A A IMPRUM. PE TERMEN LUNG,1,1
168,2,2968,AJUSTARI - PIERDEREA DE VALOARE A ALTOR CREANTE IMOBILIZATE,1,1
169,1,301,MATERII PRIME,1,1
170,1,302,MATERIALE CONSUMABILE,1,1
171,1,3021,MATERIALE AUXILIARE,1,1
172,1,3022,COMBUSTIBILI,1,1
173,1,3023,MATERILAE PT. AMBALAT,1,1
174,1,3024,PIESE DE SCHIMB,1,1
175,1,3025,SEMINTE SI MATERIALE DE PLANTAT,1,1
176,1,3026,FURAJE,1,1
177,1,3028,ALTE MATERIALE CONSUMABILE,1,1
178,1,303,MAT. DE NATURA OB. DE INVENTAR,1,1
179,3,308,DIFERENTE DE PRET LA MATERII PRIME SI MATERIALE,1,1
180,1,321,MATERII PRIME IN CURS DE APROVIZIONARE,1,1
181,1,322,MATERIALE CONSUMABILE IN CURS DE APROVIZIONARE,1,1
182,1,323,MATERIALE DE NATURA OBIECTELOR DE INVENTAR IN CURS DE APROV.,1,1
183,1,326,ACTIVE BIOLOGICE DE NATURA STOCURILOR IN CURS DE APROVIZ.,1,1
184,1,327,MARFURI IN CURS DE APROVIZIONARE,1,1
185,1,328,AMBALAJE IN CURS DE APROVIZIONARE,1,1
186,1,331,PRODUSE IN CURS DE EXECUTIE,1,1
187,1,332,SERVICII IN CURS DE EXECUTIE,1,1
188,1,341,SEMIFABRICATE,1,1
189,1,345,PRODUSE FINITE,1,1
190,1,346,PRODUSE REZIDUALE,1,1
191,1,347,PRODUSE AGRICOLE,1,1
192,3,348,DIFERENTE DE PRET LA PRODUSE,1,1
193,1,351,MATERII SI MATERIALE LA TERTI,1,1
194,1,354,PRODUSE AFLATE LA TERTI,1,1
195,1,356,ACTIVE BIOLOGICE DE NATURA STOCURILOR AFLATE LA TERTI,1,1
196,1,357,MARFURI AFLATE LA TERTI,1,1
197,1,358,AMBALAJE AFLATE LA TERTI,1,1
198,1,361,ACTIVE BIOLOGICE DE NATURA STOCURILOR,1,1
199,3,368,DIFERENTE DE PRET LA ACTIVE BIOLOGICE DE NATURA STOCURILOR,1,1
200,1,371,MARFURI,1,1
201,3,378,DIFERENTE DE PRET LA MARFURI,1,1
202,1,381,AMBALAJE,1,1
203,3,388,DIFERENTE DE PRET LA AMBALAJE,1,1
204,2,391,AJUSTARI - DEPRECIEREA MATERIILOR PRIME,1,1
205,2,392,AJUSTARI - DEPRECIEREA MATERIALELOR,1,1
206,2,3921,AJUSTARI - DEPRECIEREA MATERIALELOR CONSUMABILE,1,1
207,2,3922,AJUSTARI - DEPRECIEREA OBIECTELOR DE INVENTAR,1,1
208,2,393,AJUSTARI - DEPRECIEREA PRODUCTIEI IN CURS DE EXECUTIE,1,1
209,2,394,AJUSTARI - DEPRECIEREA PRODUSELOR,1,1
210,2,3941,AJUSTARI - DEPRECIEREA SEMIFABRICATELOR,1,1
211,2,3945,AJUSTARI - DEPRECIEREA PRODUSELOR FINITE,1,1
212,2,3946,AJUSTARI - DEPRECIEREA PRODUSELOR REZIDUALE,1,1
213,2,3947,AJUSTARI - DEPRECIEREA PRODUSELOR AGRICOLE,1,1
214,2,395,AJUSTARI - DEPRECIEREA STOCURILOR AFLATE LA TERTI,1,1
215,2,3951,AJUSTARI - DEPRECIEREA MATERIALELOR AFLATE LA TERTI,1,1
216,2,3952,AJUSTARI - DEPRECIEREA SEMIFABRICATELOR AFLATE LA TERTI,1,1
217,2,3953,AJUSTARI - DEPRECIEREA PRODUSELOR FINITE AFLATE LA TERTI,1,1
218,2,3954,AJUSTARI - DEPRECIEREA PRODUSELOR REZID. AFLATE LA TERTI,1,1
219,2,3956,AJUSTARI - DEPRECIEREA ACTIVELOR BIOLOGICE AFLATE LA TERTI,1,1
220,2,3957,AJUSTARI - DEPRECIEREA MARFURILOR AFLATE LA TERTI,1,1
221,2,3958,AJUSTARI - DEPRECIEREA AMBALAJELOR AFLATE LA TERTI,1,1
222,2,396,AJUSTARI - DEPRECIEREA ACTIVELOR BIOLOGICE,1,1
223,2,397,AJUSTARI - DEPRECIEREA MARFURILOR,1,1
224,2,398,AJUSTARI - DEPRECIEREA AMBALAJELOR,1,1
225,2,401,FURNIZORI,1,1
226,2,403,EFECTE DE PLATIT,1,1
227,2,404,FURNIZORI DE IMOBILIZARI,1,1
228,2,405,EFECTE DE PLATIT PENTRU IMOBILIZARI,1,1
229,2,408,FURNIZORI - FACTURI NESOSITE,1,1
230,1,409,FURNIZORI - DEBITORI,1,1
231,1,4091,FURNIZORI - DEBITORI PT. CUMPARARI DE BUNURI (STOCURI),1,1
232,1,4092,FURNIZORI - DEBITORI PT. PRESTARI DE SERVICII,1,1
233,1,4093,AVANSURI ACORDATE PENTRU IMOBILIZARI CORPORALE,1,1
234,1,4094,AVANSURI ACORDATE PENTRU IMOBILIZARI NECORPORALE,1,1
235,1,411,CLIENTI,1,1
236,1,4111,CLIENTI,1,1
237,1,4118,CLIENTI INCERTI SAU IN LITIGIU,1,1
238,1,413,EFECTE DE PRIMIT DE LA CLIENTI,1,1
239,1,418,CLIENTI - FACTURI DE INTOCMIT,1,1
240,2,419,CLIENTI - CREDITORI,1,1
241,2,421,PERSONAL - SALARII DATORATE,1,1
242,2,423,PERSONAL - AJUTOARE MATERIALE DATORATE,1,1
243,2,424,PRIME PRIVIND PARTICIPAREA  PERSONALULUI  LA PROFIT,1,1
244,1,425,AVANSURI ACORDATE PERSONALULUI,1,1
245,2,426,DREPTURI DE PERSONAL NERIDICATE,1,1
246,2,427,RETINERI DIN SALARII DATORATE TERTILOR,1,1
247,3,428,ALTE DATORII SI CREANTE IN LEGATURA CU PERSONALUL,1,1
248,2,4281,ALTE DATORII IN LEGATURA CU PERSONALUL,1,1
249,1,4282,ALTE CREANTE IN LEGATURA CU PERSONALUL,1,1
250,2,431,ASIGURARI   SOCIALE,1,1
251,2,4311,CONTRIBUTIA UNITATII LA ASIGURARILE SOCIALE,1,1
252,2,4312,CONTRIBUTIA PERSONALULUI LA ASIGURARILE SOCIALE,1,1
253,2,4313,CONTRIBUTIA ANGAJATORULUI - ASIGURARILE SOCIALE DE SANATATE,1,1
254,2,4314,CONTRIBUTIA ANGAJATILOR - ASIGURARILE SOCIALE DE SANATATE,1,1
255,2,4315,CONTR. DE ASIGURARI SOCIALE,1,1
256,2,4316,CONTR. DE ASIGURARI SOCIALE DE SANATATE,1,1
257,2,436,CONTR. ASIGURATORIE DE MUNCA,1,1
258,2,437,AJUTOR  DE  SOMAJ,1,1
259,2,4371,CONTRIBUTIA UNITATII LA FONDUL DE SOMAJ,1,1
260,2,4372,CONTRIBUTIA PERSONALULUI LA FONDUL DE SOMAJ,1,1
261,3,438,ALTE DATORII SI CREANTE SOCIALE,1,1
262,2,4381,ALTE DATORII SOCIALE,1,1
263,1,4382,ALTE CREANTE SOCIALE,1,1
264,3,441,IMPOZITUL PE PROFIT SI ALTE IMPOZITE,1,1
265,2,4411,IMPOZITUL PE PROFIT,1,1
266,2,4415,IMPOZITUL SPECIFIC UNOR ACTIVITATI,1,1
267,2,4418,IMPOZITUL PE VENIT,1,1
268,3,442,TAXA PE VALOAREA ADAUGATA,1,1
269,2,4423,TVA DE PLATA,1,1
270,1,4424,TVA DE RECUPERAT,1,1
271,1,4426,TVA DEDUCTIBILA,1,1
272,2,4427,TVA COLECTATA,1,1
273,3,4428,TVA NEEXIGIBILA,1,1
274,3,4428.M,TVA NEEXIGIBILA - MARFURI,1,1
275,3,4428.TI,TVA NEEXIGIBILA - INCASARE,1,1
276,3,4428.TP,TVA NEEXIGIBILA - PLATA,1,1
277,2,444,IMPOZITUL PE VENITURI DE NATURA SALARIILOR,1,1
278,1,445,SUBVENTII,1,1
279,1,4451,SUBVENTII GUVERNAMENTALE,1,1
280,1,4452,IMPRUMUTURI NERAMBURSABILE CU CARACTER DE SUBVENTII,1,1
281,1,4458,ALTE SUME PRIMITE CU CARACTER DE SUBVENTII,1,1
282,2,446,"ALTE IMPOZITE, TAXE SI VARSAMINTE ASIMILATE",1,1
283,2,447,FONDURI SPECIALE TAXE SI VARSAMINTE ASIMILATE,1,1
284,3,448,ALTE DATORII SI CREANTE CU BUGETUL STAT,1,1
285,2,4481,ALTE DATORII FATA DE BUGETUL STATULUI,1,1
286,1,4482,ALTE CREANTE PRIVIND BUGETUL STATULUI,1,1
287,3,451,DECONTARI INTRE ENTITATILE AFILIATE,1,1
288,3,4511,DECONTARI INTRE ENTITATILE AFILIATE,1,1
289,3,4518,DOBINZI AFERENTE DECONTARILOR INTRE ENTITATILE AFILIATE,1,1
290,3,453,DECONTARI CU ENTITATILE ASOCIATE SI ENTITATILE CONTROLATE,1,1
291,3,4531,DECONTARI CU ENTITATILE ASOCIATE SI ENTITATILE CONTROLATE,1,1
292,3,4538,DOBANZI AFERENTE DECONTARILOR CU ENTITATILE ASOCIATE,1,1
293,2,455,SUME DATORATE ACTIONARILOR/ASOCIATILOR,1,1
294,2,4551,ACTIONARI/ASOCIATI - CONTURI CURENTE,1,1
295,2,4558,ACTIONARI/ASOCIATI - DOBANZI LA CONTURI CURENTE,1,1
296,3,456,DECONTARI CU ACTIONARI/ASOCIATI PRIVIND CAPITALUL,1,1
297,2,457,DIVIDENDE DE PLATIT,1,1
298,3,458,DECONTARI DIN OPERATIUNI IN PARTICIPATIE,1,1
299,2,4581,DECONTARI DIN OPERATIUNI IN PARTICIPATIE - PASIV,1,1
300,1,4582,DECONTARI DIN OPERATIUNI IN PARTICIPATIE - ACTIV,1,1
301,1,461,DEBITORI DIVERSI,1,1
302,2,462,CREDITORI DIVERSI,1,1
303,1,463,CREANTE REPREZ. DIVIDENDE REPARTIZATE IN CURSUL EXERCITIULUI,1,1
304,3,464,DECONTARI AFERENTE CONTRACTELOR DE LEASING,1,1
305,2,4641,DATORII AFERENTE CONTRACTELOR DE LEASING,1,1
306,1,4642,CREANTE AFERENTE CONTRACTELOR DE LEASING,1,1
307,1,471,CHELTUIELI INREGISTRATE IN AVANS,1,1
308,2,472,VENITURI INREGISTRATE IN AVANS,1,1
309,3,473,DECONTARI DIN OPERATIUNI IN CURS DE CLARIFICARE,1,1
310,2,475,SUBVENTII PENTRU INVESTITII,1,1
311,2,4751,SUBVENTII GUVERNAMENTALE PENTRU INVESTITII,1,1
312,2,4752,IMPRUMUTURI NERAMB. CU CARACTER DE SUBVENTII PT. INVESTITII,1,1
313,2,4753,DONATII PENTRU INVESTITII,1,1
314,2,4754,PLUSURI DE INVENTAR DE NATURA IMOBILIZARILOR,1,1
315,2,4758,ALTE SUME PRIMITE CU CARACTER DE SUBVENTII PENTRU INVESTITII,1,1
316,2,478,VENITURI IN AVANS AFERENTE ACTIVELOR PRIMITE DE LA CLIENTI,1,1
317,3,481,DECONTARI UNITATE SI SUBUNITATI,1,1
318,3,482,DECONTARI INTRE SUBUNITATI,1,1
319,2,490,AJUSTARI PT. DEPR. CREANTELOR AF. AVANSURILOR PT. FURNIZORI,1,1
320,2,4901,AJUSTARI PT. DEPR. CREANTELOR AF. STOCURILOR,1,1
321,2,4902,AJUSTARI PT. DEPR. CREANTELOR AF. SERVICIILOR,1,1
322,2,4903,AJUSTARI PT. DEPR. CREANTELOR AF. IMOBILIZARILOR CORPORALE,1,1
323,2,4904,AJUSTARI PT. DEPR. CREANTELOR AF. IMOBILIZARILOR NECORPORALE,1,1
324,2,491,AJUSTARI - DEPRECIEREA CREANTELOR - CLIENTI,1,1
325,2,494,AJUSTARI PENTRU DEPR. CREANTELOR CONTRACTELOR DE LEASING,1,1
326,2,495,AJUSTARI - DEPRECIEREA CREANTELOR - DECONTARI ASOCIATI,1,1
327,2,496,AJUSTARI - DEPRECIEREA CREANTELOR - DEBITORI DIVERSI,1,1
328,1,501,ACTIUNI DETINUTE LA ENTITATILE AFILIATE,1,1
329,1,505,OBLIGATIUNI EMISE SI RASCUMPARATE,1,1
330,1,506,OBLIGATIUNI,1,1
331,1,507,CERTIFICATE VERZI PRIMITE,1,1
332,1,508,ALTE INVESTITII PE TERMEN SCURT SI CREANTE ASIMILATE,1,1
333,1,5081,ALTE TITLURI DE PLASAMENT,1,1
334,1,5088,DOBANZI LA OBLIGATIUNI SI TITLURI PLASAMENT,1,1
335,2,509,VARSAMINTE DE EFECTUAT PENTRU INVESTITIILE PE TERMEN SCURT,1,1
336,2,5091,VARSAMINTE DE EFECTUAT- ACTIUNILE DETINUTE LA ENTITATI AFIL.,1,1
337,2,5092,VARSAMINTE DE EFECTUAT - ALTE INVESTITII PE TERMEN SCURT,1,1
338,1,511,VALORI DE INCASAT,1,1
339,1,5112,CECURI DE INCASAT,1,1
340,1,5113,EFECTE DE INCASAT,1,1
341,1,5114,EFECTE REMISE SPRE SCONTARE,1,1
342,3,512,CONTURI CURENTE LA BANCI,1,1
343,3,5121,CONTURI LA BANCA IN LEI,1,1
344,3,5124,CONTURI LA BANCA IN VALUTA,1,1
345,1,5125,SUME IN CURS DE DECONTARE,1,1
346,3,5126,CONTURI LA BANCI IN LEI TVA DEFALCAT,1,1
347,3,5127,CONTURI LA BANCI IN VALUTA TVA DEFALCAT,1,1
348,3,518,DOBANZI,1,1
349,2,5186,DOBANZI DE PLATIT,1,1
350,1,5187,DOBANZI DE INCASAT,1,1
351,2,519,CREDITE BANC.TERMEN SCURT,1,1
352,2,5191,CREDITE BANCARE PE TERMEN SCURT,1,1
353,2,5192,CREDITE BANCARE PE TERMEN SCURT NERAMBURSATE LA SCADENTA,1,1
354,2,5193,CREDITE EXTERNE GUVERNAMENTALE,1,1
355,2,5194,CREDITE EXTERNE GARANTATE DE STAT,1,1
356,2,5195,CREDITE EXTERNE GARANTATE DE BANCI,1,1
357,2,5196,CREDITE DE LA TREZORERIE STATULUI,1,1
358,2,5197,CREDITE INTERNE GARANTATE STAT,1,1
359,2,5198,DOBANZI AFERENTE CREDITELOR BANCARE PE TERMEN SCURT,1,1
360,1,531,CASA,1,1
361,1,5311,CASA IN LEI,1,1
362,1,5314,CASA IN VALUTA,1,1
363,1,532,ALTE VALORI,1,1
364,1,5321,TIMBRE FISCALE SI POSTALE,1,1
365,1,5322,BILETE DE TRATAMENT SI ODIHNA,1,1
366,1,5323,TICHETE SI BILETE DE CALATORIE,1,1
367,1,5328,ALTE VALORI,1,1
368,1,541,ACREDITIVE,1,1
369,1,5411,ACREDITIVE IN LEI,1,1
370,1,5412,ACREDITIVE IN VALUTA,1,1
371,1,542,AVANSURI DE TREZORERIE,1,1
372,3,581,VIRAMENTE INTERNE,1,1
373,2,591,AJUSTARI - DEPR. ACTIUNILOR DETINUTE LA ENTITATILE AFILIATE,1,1
374,2,595,AJUSTARI - DEPR. OBLIGATIUNILOR EMISE SI RASCUMPARATE,1,1
375,2,596,AJUSTARI - DEPR. OBLIGATIUNILOR,1,1
376,2,598,AJUSTARI - DEPR. ALTOR INVESTITII PE TERMEN SCUT,1,1
377,1,601,CHELT. CU MATERIILE PRIME,1,1
378,1,602,CHELT.CU MATERIALELE CONSUMABILE,1,1
379,1,6021,CHELT. CU MATERIALE AUXILIARE,1,1
380,1,6022,CHELT. PRIVIND COMBUSTIBILUL,1,1
381,1,6023,CHELT. PRIVIND AMBALAJUL,1,1
382,1,6024,CHELT. CU PIESELE DE SCHIMB,1,1
383,1,6025,CHELT. CU SEMINTE SI MAT. PLANT.,1,1
384,1,6026,CHELT. CU FURAJELE,1,1
385,1,6028,CHELT.CU ALTE MAT.CONSUMABILE,1,1
386,1,603,CHELT. CU OBIECTE DE INVENTAR,1,1
387,1,604,CHELT. CU MAT.NESTOCATE,1,1
388,1,605,CHELT. CU ENERGIA SI APA,1,1
389,1,6051,CHELT. PRIVIND CONSUMUL DE ENERGIE,1,1
390,1,6052,CHELT. PRIVIND CONSUMUL DE APA,1,1
391,1,606,CHELT. CU PRIVIND ACTIVELE BIOLOGICE DE NATURA STOCURILOR,1,1
392,1,607,CHELT. PRIVIND MARFURILE,1,1
393,1,608,CHELT. PRIVIND AMBALAJELE,1,1
394,2,609,REDUCERI COMERCIALE PRIMITE,1,1
395,1,611,CHELT. CU INTRETINEREA SI REPARATIILE,1,1
396,1,612,"CHELT. CU REDEVENTE, LOCATIILE DE GESTIUNE SI CHIRIILE",1,1
397,1,613,CHELT. CU PRIME DE ASIGURARE,1,1
398,1,614,CHELT. CU STUDII SI CERCETARI,1,1
399,1,615,CHELT. CU PREGATIREA PERSONALULUI,1,1
400,1,621,CHELT. CU COLABORATORII,1,1
401,1,622,CHELT. CU COMISIOANE SI ONORARIILE,1,1
402,1,623,"CHELT. DE PROTOCOL, RECLAMA SI PUBLICITATE",1,1
403,1,6231,CHELTUIELI DE PROTOCOL,1,1
404,1,6232,CHELTUIELI DE RECLAMA SI PUBLICITATE,1,1
405,1,624,CHELT. CU TRANSPORTUL DE BUNURI SI PERSONAL,1,1
406,1,625,"CHELT. CU DEPLASARI, DETASARI SI TRANSFERARI",1,1
407,1,626,CHELT. POSTALE SI TAXE DE TELECOMUNICATII,1,1
408,1,627,CHELT. CU SERV.BANCARE SI ASIMILATE,1,1
409,1,628,ALTE CHELT. CU SERVICIILE EXECUTATE DE TERTI,1,1
410,1,635,"CHELT. CU ALTE IMPOZITE, TAXE SI VARSAMINTE ASIMILATE",1,1
411,1,641,CHELT. CU SALARIILE PERSONALULUI,1,1
412,1,642,CHELT. CU TICHETELE DE MASA SI AVANTAJELE IN NATURA ACORDATE,1,1
413,1,6421,CHELT. CU AVANTAJELE IN NATURA ACORDATE SALARIATILOR,1,1
414,1,6422,CHELT. CU TICHETELE DE MASA ACORDATE SALARIATILOR,1,1
415,1,643,CHELT. CU REMUNERAREA IN INSTRUMENTE DE CAPITALURI PROPRII,1,1
416,1,644,CHELT. CU PRIMELE REPREZENTAND PARTICIPAREA LA PROFIT,1,1
417,1,645,CHELT. PRIVIND ASIGURARILE SI PROTECTIA SOCIALA,1,1
418,1,6451,CHELT. PRIVIND CONTRIBUTIA UNITATII LA ASIGURARILE SOCIALE,1,1
419,1,6452,CHELT. PRIVIND CONTRIBUTIA UNITATII PENTRU AJUTORUL DE SOMAJ,1,1
420,1,6453,CHELT. PRIVIND CONRIB. UNITATII LA ASIG. SOCIALE DE SANATATE,1,1
421,1,6455,CHELT. PRIVIND CONTRIBUTIA UNITATII LA ASIGURARILE DE VIATA,1,1
422,1,6456,CONTRIB. UNITATII LA FONDURILE DE PENSII FACULTATIVE,1,1
423,1,6457,CONTRIB. UNITATII LA PRIMELE DE ASIG. VOLUNTARA DE SANATATE,1,1
424,1,6458,ALTE CHELT. PRIVIND ASIGURARILE SI PROTECTIA SOCIALA,1,1
425,1,646,CHELT. CU CONTR. ASIGURATORIE DE MUNCA,1,1
426,1,6461,CHELT. CU CONTRIB. ASIGURATORIE PT. MUNCA A SALARIATILOR,1,1
427,1,6462,CHELT. CU CONTRIB. ASIGURATORIE PT. MUNCA A ALTOR PERSOANE,1,1
428,1,652,CHELT. CU PROTECTIA MEDIULUI INCONJURATOR,1,1
429,1,654,PIERDERI DIN CREANTE SI DEBITORI DIVERSI,1,1
430,1,655,CHELT. DIN REEVALUAREA IMOBILIZARILOR CORPORALE,1,1
431,1,6555,CH. DIN REEVALUAREA ACTIVELOR IN LEASING,1,1
432,1,658,ALTE CHELTUIELI DE EXPLOATARE,1,1
433,1,6581,"DESPAGUBIRI, AMENZI SI PENALITATI",1,1
434,1,6582,DONATII ACORDATE,1,1
435,1,6583,CHELT. ACTIVELE CEDATE SI ALTE OPERATIUNI DE CAPITAL,1,1
436,1,6584,CHELT. CU SUMELE SAU BUNURILE ACORDATE CA SPONSORIZARI,1,1
437,1,6586,CHELT. DIN TRANSFERURI IN BAZA UNOR ACTE NORMATIVE SPECIALE,1,1
438,1,6587,CHELT. PRIVIND CALAMITATILE SI ALTE EVENIMENTE SIMILARE,1,1
439,1,6588,ALTE CHELTUIELI DE EXPLOATARE,1,1
440,1,663,PIERDERI DIN CREANTE LEGATE DE PARTICIPATII,1,1
441,1,664,CHELT. CU INVESTITIILE FINANCIARE CEDATE,1,1
442,1,6641,CHELT. CU IMOBOBILIZARILE FINANCIARE CEDATE,1,1
443,1,6642,PIERDERI DIN INVESTITIILE PE TERMEN SCURT CEDATE,1,1
444,1,665,CHELT. DIN DIFERENTE DE CURS VALUTAR,1,1
445,1,6651,DIFERENTE NEFAVORABILE DE CURS VALUTAR,1,1
446,1,6652,DIFERENTE DE CURS DIN INVESTITIA INTR-O ENTITATE STRAINA,1,1
447,1,666,CHELT. PRIVIND DOBANZILE,1,1
448,1,667,CHELT. CU SCONTURILE ACORDATE,1,1
449,1,668,ALTE CHELTUIELI FINANCIARE,1,1
450,1,6682,CHELTUIELI PRIVIND DOBANZILE AFERENTE PLATILOR IN AVANS,1,1
451,1,6685,CHELTUIELI PRIVIND DOBANZILE CONTRACTELOR DE LEASING,1,1
452,1,681,CHELT. DE EXPLOATARE CU AMORTIZAREA SI PROVIZIOANLE,1,1
453,1,6811,CHELT. DE EXPLOATARE CU AMORTIZAREA IMOBILIZARILOR,1,1
454,1,6812,CHELT. DE EXPLOATARE CU PROVIZIOANLE,1,1
455,1,6813,CHELT.  CU AJUSTARILE PT. DEPREC IMOBILIZARILOR,1,1
456,1,6814,CHELT.  CU AJUSTARILE PT. DEPREC. ACTIVE CIRCULANTE,1,1
457,1,6817,CHELT.  CU AJUSTARILE PT. DEPREC. FONDULUI COMERCIAL,1,1
458,1,6818,CHELT. DIN DEPR. CREANTELOR AF. AVANSURILOR PT. FURNIZORI,1,1
459,1,685,CHELTUIELI CU AMORTIZAREA ACTIVELOR IN LEASING,1,1
460,1,686,CHELT. FINANCIARE CU AMORTIZAREA SI PROVIZIOANELE,1,1
461,1,6861,CHELT. PRIVIND ACTUALIZAREA PROVIZIOANELOR,1,1
462,1,6863,CHELT. CU PROV. PT. DEPRECIEREA IMOBILIZARILOR FINANCIARE,1,1
463,1,6864,CHELT. FIN. CU AJUSTARILE PT. PIERDEREA DE VAL. A ACT. CIRC.,1,1
464,1,6865,CH. CU AMORTIZAREA DIFERENTELOR AFERENTE TITLURILOR DE STAT,1,1
465,1,6868,CHELT. AMORT. PRIMELOR DE RAMBURSARE A OBLIGATIUNILOR,1,1
466,1,691,CHELT. CU IMPOZITUL PE PROFIT,1,1
467,1,695,CHELTUIELI CU IMPOZITUL SPECIFIC UNOR ACTIVITATI,1,1
468,1,698,CHELT. CU IMPOZITUL PE VENIT SI CU ALTE IMPOZITE,1,1
469,2,701,"VEN. DIN VANZAREA PROD. FINITE, PROD. AGRICOLE",1,1
470,2,7015,VEN. DIN VANZAREA PROD. FINITE,1,1
471,2,7017,VEN. DIN VANZAREA PROD. AGRICOLE,1,1
472,2,7018,VEN. DIN VANZAREA ACTIVELOR BIOLOGICE DE NATURA STOCURILOR,1,1
473,2,702,VEN. DIN VANZAREA SEMIFABRICATELOR,1,1
474,2,703,VEN. DIN VANZAREA PRODUSELOR REZIDUALE,1,1
475,2,704,VEN. DIN SERVICII PRESTATE,1,1
476,2,705,VEN. DIN STUDII SI CERCETARI,1,1
477,2,706,VEN. DIN REDEVENTE SI CHIRII,1,1
478,2,707,VEN. DIN VANZARI DE MARFURI,1,1
479,2,708,VEN. DIN ACTIVITATI DIVERSE,1,1
480,1,709,REDUCERI COMERCIALE ACORDATE,1,1
481,3,711,VARIATIA STOCURILOR,1,1
482,2,712,VEN. AFERENTE COSTURILOR SERVICIILOR IN CURS DE EXECUTIE,1,1
483,2,721,VEN. DIN PROD. DE IMOBILIZARI NECORPORALE,1,1
484,2,722,VEN. DIN PROD. DE IMOBILIZARI CORPORALE,1,1
485,2,725,VEN. DIN PROD. DE INVESTITII IMOBILIARE,1,1
486,2,741,VEN. DIN SUBVENTII DE EXPLOATARE,1,1
487,2,7411,VEN. DIN SUBVENTII DE EXPLOATARE AFERENTE C.A.,1,1
488,2,7412,VEN. DIN SUBVENTII DE EXPLOATARE PT. MATERII PRIME SI,1,1
489,2,7413,VEN. DIN SUBVENTII DE EXPLOATARE PT. ALTE CHELTUIELI,1,1
490,2,7414,VEN. DIN SUBVENTII DE EXPLOATARE PT. PLATA PERSONALUL,1,1
491,2,7415,VEN. DIN SUBVENTII DE EXPLOATARE PT. ASIG. SI PROTECTIE SOC.,1,1
492,2,7416,VEN. DIN SUBVENTII DE EXPLOATARE PT. ALTE CHELTUIELI DE EXP.,1,1
493,2,7417,VEN. DIN SUBVENTII DE EXPL. IN CAZ DE CALAMITATI,1,1
494,2,7418,VEN. DIN SUBVENTII DE EXPLOATARE PT. DOBANDA DATORATA,1,1
495,2,7419,VEN. DIN SUBVENTII DE EXPLOATARE AFERENTE ALTOR VENITURI,1,1
496,2,754,VEN. DIN CREANTE REACTIVATE SI DEBITORI DIVERSI,1,1
497,2,755,VEN. DIN REEVALUAREA IMOBILIZARILOR CORPORALE,1,1
498,2,7555,VENITURI DIN REEVALUAREA ACTIVELOR IN LEASING,1,1
499,2,758,ALTE VENITURI DIN EXPLOATARE,1,1
500,2,7581,"VEN. DIN DESPAGUBIRI, AMENZI SI PENALITATI",1,1
501,2,7582,"VEN. DIN DONATII,SUBVENTII PRIMITE",1,1
502,2,7583,VEN. DIN CEDAREA ACTIVELOR,1,1
503,2,7584,VEN. DIN SUBVENTII PT. INVESTITII,1,1
504,2,7586,VEN. DIN TRANSFERURI IN BAZA UNOR ACTE NORMATIVE SPECIALE,1,1
505,2,7588,ALTE VENITURI DIN EXPLOATARE,1,1
506,2,761,VEN. DIN IMOBILIZARI FINANCIARE,1,1
507,2,7611,VEN. DIN ACTIUNI DETINUTE LA ENTITATI AFILIATE,1,1
508,2,7612,VEN. DIN ACTIUNI DETINUTE LA ENTITATI ASOCIATE,1,1
509,2,7613,VEN. DIN ACTIUNI DETINUTE LA ENTITATI CONTROLATE IN COMUN,1,1
510,2,7615,VEN. DIN ALTE IMOBILIZARI FINANCIARE,1,1
511,2,762,VEN. DIN INVEST. FIN. PE TERMEN SCURT,1,1
512,2,764,VEN. DIN INVESTITII FINANCIARE CEDATE,1,1
513,2,7641,VEN. DIN IMOBILIZARI FINANCIARE CEDATE,1,1
514,2,7642,CASTIGURI DIN INVEST FINANCIARE PE TERMEN SCURT,1,1
515,2,765,VEN. DIN DIFERENTE DE CURS VALUTAR,1,1
516,2,7651,VEN. DIN DIFERENTE FAVORABILE DE CURS VALUTAR,1,1
517,2,7652,DIFERENTE DE CURS DIN INVESTITIA INTR-O ENTITATE STRAINA,1,1
518,2,766,VEN. DIN DOBINZI,1,1
519,2,767,VEN. DIN SCONTURI OBTINUTE,1,1
520,2,768,ALTE VEN. FINANCIARE,1,1
521,2,781,VEN. PROV. PT. ACTIVIVITATEA DE EXPLOATARE,1,1
522,2,7812,VEN. DIN PROVIZIOANE,1,1
523,2,7813,VEN. DIN AJUSTARI PENTRU DEPR. IMOBILIZARILOR,1,1
524,2,7814,VEN. DIN AJUSTARI PT. DEPR. ACTIVELOR CIRCCULANTE,1,1
525,2,7815,VEN. DIN FONDUL COMERCIAL NEGATIV,1,1
526,2,7818,VEN. DIN DEPR. CREANTELOR AF. AVANSURILOR PT. FURNIZORI,1,1
527,2,786,VEN. FIN. DIN AJUSTARI SI PIERDERE DE VALOARE,1,1
528,2,7863,VEN. FIN. DIN AJUSTARI SI PIERDERE DE VALOARE IMOB. FIN.,1,1
529,2,7864,VEN. FIN. DIN AJUSTARI SI PIERDERE DE VALOARE ACTIVE CIRC.,1,1
530,3,801,ANGAJAMENTE ACORDATE,1,1
531,3,8011,GIRURI SI GARANTII ACORDATE,1,1
532,3,8018,ALTE ANGAJAMENTE ACORDATE,1,1
533,3,802,ANGAJAMENTE PRIMITE,1,1
534,3,8021,GIRURI SI GARANTII PRIMITE,1,1
535,3,8028,ALTE ANGAJAMENTE PRIMITE,1,1
536,3,803,ALTE CONTURI IN AFARA BILANTULUI,1,1
537,3,8031,IMOBILIZARI CORPORALE LUATE CU CHIRIE,1,1
538,3,8032,VAL. MAT. PRIMITE PT. PRELUCRARE SAU REPARARE,1,1
539,3,8033,VAL. MAT. PRIMITE IN PASTRARE DAU CUSTODIE,1,1
540,3,8034,"DEBITORI SCOSI DIN ACTIV, URMARITI IN CONTINUARE",1,1
541,3,8035,STOCURI DE NATURA OBIECTELOR DE INVENTAR DATE IN FOLOSINTA,1,1
542,3,8036,"REDEVENTE, LOCATII DE GESTIUNE, CHIRII SI ALTE DATORII ASIM.",1,1
543,3,8037,EFECTE SCONTATE NEAJUNSE LA SCAD,1,1
544,3,8038,"BUNURI PRIMITE IN ADMINISTRARE, CONCESIUNE SI CU CHIRIE",1,1
545,3,8039,ALTE VALORI IN AFARA BILANTULUI,1,1
546,3,805,DOBANZI AFERENTE CONTRACTELOR DE LEASING,1,1
547,3,8051,DOBANZI DE PLATIT,1,1
548,3,8052,DOBANZI DE INCASAT,1,1
549,3,806,CERTIFICATE DE EMISII DE GAZE CU EFECT DE SERA,1,1
550,3,807,ACTIVE CONTINGENTE,1,1
551,3,808,DATORII CONTINGENTE,1,1
552,1,891,BILANT DE DESCHIDERE,1,1
553,1,892,BILANT DE INCHIDERE,1,1
554,3,901,DEC. INTERNE PRIVIND CHELTUIELILE,1,1
555,3,902,DEC. INTERNE PRIVIND PRODUCTIA OBTINUTE,1,1
556,1,903,DEC. INTERNE PRIVIND DIFERENTELE DE PRET,1,1
557,1,921,CHELTUIELILE ACTIVITATII DE BAZA,1,1
558,1,922,CHELTUIELILE ACTIVITATILOR AUXILIARE,1,1
559,1,923,CHELTUIELI INDIRECTE DE PRODUCTIE,1,1
560,1,924,CHELTUIELI GENERALE DE ADMINISTRATIE,1,1
561,1,925,CHELTUIELI DE DESFACERE,1,1
562,1,931,COSTUL PRODUCTIEI OBTINUTE,1,1
563,1,933,COSTUL PRODUCTIEI IN CURS DE EXECUTIE,1,1
564,3,999,CORESPONDENT CONTURI DIN AFARA BILANTULUI,1,1
